{
 "dataset_name": "/share/xingxingrun/zibo_data/data1/static_1",
 "train_file": null,
 "validation_file": null,
 "validation_split_percentage": 5,
 "pad_to_max_length": false,
 "model_name_or_path": "bert-base-uncased",
 "config_name": null,
 "tokenizer_name": null,
 "use_slow_tokenizer": false,
 "per_device_train_batch_size": 64,
 "per_device_eval_batch_size": 64,
 "learning_rate": 0.0002,
 "weight_decay": 0.0,
 "num_train_epochs": 5,
 "max_train_steps": 500000,
 "gradient_accumulation_steps": 1,
 "lr_scheduler_type": "linear",
 "num_warmup_steps": 5000,
 "output_dir": "./base_spike",
 "seed": 42,
 "model_type": null,
 "max_seq_length": 128,
 "line_by_line": false,
 "preprocessing_num_workers": null,
 "overwrite_cache": false,
 "mlm_probability": 0.15,
 "push_to_hub": false,
 "hub_model_id": null,
 "hub_token": null,
 "checkpointing_steps": "50000",
 "resume_from_checkpoint": null,
 "with_tracking": true,
 "report_to": "wandb",
 "low_cpu_mem_usage": false
}